{"low_th": -1.069969307446728, "mid_th": 1.1392162008912956}